Upazila,Union,Ward,HOW4_Image,create_time,_family_head_name,y,x,Wash_HC3_gender,Wash_HC4FamilyMembers,Household CAP ID,created_by
Ukhiya,Jaliapalong,Ward 4,cxb-wash.info/Upload/media/1cd60a68-fe0e-28fb-60f8-b77a65446527.jpg,2/24/2020 4:41:07 AM,,21.2558994,92.0498245,Male (????? ),5,1014,user01_CATS1
Ukhiya,Jaliapalong,Ward 4,cxb-wash.info/Upload/media/35b3f886-19ff-109d-ff0e-22a5d9b70c06.jpg,2/24/2020 4:20:39 AM,,21.2558994,92.0498245,Female (????? ),5,1013,user01_CATS1
Ukhiya,Jaliapalong,Ward 4,cxb-wash.info/Upload/media/5a3d549f-a297-8988-b028-94f741878cb2.jpg,2/23/2020 10:04:29 AM,,21.25767,92.05596,Male (????? ),5,1011,user01_CATS1
Ukhiya,Jaliapalong,Ward 4,cxb-wash.info/Upload/media/e303f7cc-035e-0b8e-2f07-31a7eecad6f5.jpg,2/23/2020 6:36:37 AM,,21.2583583,92.0551533,Male (????? ),7,1010,user01_CATS1
Ukhiya,Jaliapalong,Ward 4,cxb-wash.info/Upload/media/9e3fdead-2078-720a-56fc-fd688da68cee.jpg,2/23/2020 6:21:42 AM,,21.258255,92.05514,Male (????? ),4,1009,user01_CATS1
Ukhiya,Jaliapalong,Ward 4,cxb-wash.info/Upload/media/07699e14-ccdb-1bc3-56b6-cf1da8972f31.jpg,2/23/2020 6:03:39 AM,,21.2595733,92.0554583,Female (????? ),3,1008,user01_CATS1
Ukhiya,Jaliapalong,Ward 4,cxb-wash.info/Upload/media/8d273279-67f5-1418-41f3-11e44a85ffe8.jpg,2/23/2020 5:39:42 AM,,21.2583017,92.0557583,Female (????? ),3,1007,user01_CATS1
Ukhiya,Jaliapalong,Ward 5,cxb-wash.info/Upload/media/76ac10d4-2ffe-0350-36e2-8a91ca3356d7.jpg,2/4/2020 6:58:22 AM,,21.257355,92.0559367,Male (????? ),4,1001,user19_CATS1
Ukhiya,Jaliapalong,Ward 5,cxb-wash.info/Upload/media/6143b8fe-e656-42a7-8108-fe387e109f86.jpg,2/4/2020 8:23:45 AM,,21.2567073,92.056559,Male (????? ),4,1005,user19_CATS1
Ukhiya,Jaliapalong,Ward 5,cxb-wash.info/Upload/media/c2b08079-3bf6-dd0b-59d8-7e3c986cfafd.jpg,2/4/2020 8:46:09 AM,,21.2560333,92.05538,Male (????? ),5,1006,user19_CATS1
Ukhiya,Jaliapalong,Ward 5,cxb-wash.info/Upload/media/d5275f3d-a195-28d7-14b2-9315d3dfa98f.jpg,2/4/2020 7:45:52 AM,,21.2566483,92.0560383,Female (????? ),8,1003,user19_CATS1
Ukhiya,Jaliapalong,Ward 5,cxb-wash.info/Upload/media/f15a4871-9a0f-def7-e5fe-750a77abe3f1.jpg,2/4/2020 7:24:01 AM,,21.2574032,92.0559017,Male (????? ),6,1002,user19_CATS1
Ukhiya,Jaliapalong,Ward 5,cxb-wash.info/Upload/media/80626590-3cfb-c96d-3763-10f6c2003645.jpg,2/4/2020 8:05:01 AM,,21.2567267,92.0564033,Male (????? ),8,1004,user19_CATS1
Ukhiya,Jaliapalong,Ward 5,cxb-wash.info/Upload/media/6213312b-e9c1-e2ed-933e-926c9c5e7d63.jpg,2/4/2020 8:01:28 AM,,21.25695,92.056215,Female (????? ),4,1004,user21_CATS1
Ukhiya,Jaliapalong,Ward 5,cxb-wash.info/Upload/media/cb0b3fe8-3700-c756-be09-217a4c32f5b5.jpg,2/4/2020 7:42:03 AM,,21.2570717,92.056445,Female (????? ),5,1003,user21_CATS1
Ukhiya,Jaliapalong,Ward 5,cxb-wash.info/Upload/media/743784d7-f13c-1a69-710c-b6d201c73cd4.jpg,2/4/2020 6:31:54 AM,,21.2567567,92.0559567,Male (????? ),6,1001,user21_CATS1
Ukhiya,Jaliapalong,Ward 5,cxb-wash.info/Upload/media/38a9ecc5-78c8-ae5d-521a-cd4a5037cdf9.jpg,2/4/2020 7:20:09 AM,,21.2569467,92.0560317,Female (????? ),4,1002,user21_CATS1
Ukhiya,Jaliapalong,Ward 5,cxb-wash.info/Upload/media/30ae8870-74c1-eaaf-33ac-10942514cb7e.jpg,2/4/2020 8:49:13 AM,,21.25687,92.0564833,Male (????? ),3,1006,user21_CATS1
Ukhiya,Jaliapalong,Ward 5,cxb-wash.info/Upload/media/69a3a87c-67f9-55cc-1c8e-94b28cf872eb.jpg,2/4/2020 8:25:29 AM,,21.2573917,92.05673,Male (????? ),6,1005,user21_CATS1
Ukhiya,Jaliapalong,Ward 1,cxb-wash.info/Upload/media/b6fffe7e-167a-2598-1a5e-29ed3820b994.jpg,2/4/2020 7:48:37 AM,,21.2651698,92.1274731,Male (????? ),2,1004,user14_CATS1
Ukhiya,Jaliapalong,Ward 1,cxb-wash.info/Upload/media/65c02bc2-c488-0d3c-fdff-9ea945239605.jpg,2/4/2020 6:20:56 AM,,21.2651698,92.1274731,Female (????? ),4,1002,user14_CATS1
Ukhiya,Jaliapalong,Ward 1,cxb-wash.info/Upload/media/cad4a245-8228-13f8-1a92-effc87ed1920.jpg,2/4/2020 5:27:49 AM,,21.2822934,92.0825283,Female (????? ),5,1001,user14_CATS1
Ukhiya,Jaliapalong,Ward 1,cxb-wash.info/Upload/media/aa773477-24d2-0cbe-3406-b17bd4555a25.jpg,2/4/2020 8:12:15 AM,,21.2651698,92.1274731,Male (????? ),3,1005,user14_CATS1
Ukhiya,Jaliapalong,Ward 1,cxb-wash.info/Upload/media/f61a511c-366c-01b4-38d1-117ee33602b2.jpg,2/4/2020 6:55:38 AM,,21.2765119,92.0868513,Male (????? ),5,1003,user14_CATS1
Ukhiya,Jaliapalong,Ward 2,cxb-wash.info/Upload/media/8b6fe966-5486-3080-1f20-60f2f79b7cd7.jpg,2/4/2020 7:57:36 AM,,21.2828051,92.0825378,Female (????? ),3,1010,user15_CATS1
Ukhiya,Jaliapalong,Ward 2,cxb-wash.info/Upload/media/4e6de61a-0f22-7e8d-7cd5-5b3396c5fbe9.jpg,2/4/2020 6:49:47 AM,,21.2825795,92.0819251,Male (????? ),11,1004,user15_CATS1
Ukhiya,Jaliapalong,Ward 4,cxb-wash.info/Upload/media/1f1ed22b-e445-fa50-c966-2191ad3b5a90.jpg,2/4/2020 5:27:29 AM,,21.2782123,92.0525811,Female (????? ),5,1001,user15_CATS1
Ukhiya,Jaliapalong,Ward 2,cxb-wash.info/Upload/media/89bb9d4f-2d3e-1f76-3f0c-5fcb7452e068.jpg,2/4/2020 5:06:20 AM,,21.282295,92.0824045,Female (????? ),4,1001,user15_CATS1
Ukhiya,Jaliapalong,Ward 2,cxb-wash.info/Upload/media/05187dcf-6d28-3888-527e-4e8277ee0747.jpg,2/4/2020 5:30:26 AM,,21.2823118,92.0824985,Female (????? ),4,1002,user15_CATS1
Ukhiya,Jaliapalong,Ward 2,cxb-wash.info/Upload/media/4c62782c-2f4b-b23f-0b94-4d750abb3e79.jpg,2/4/2020 6:21:26 AM,,21.2824453,92.0819211,Male (????? ),2,1003,user15_CATS1
Ukhiya,Jaliapalong,Ward 2,cxb-wash.info/Upload/media/b72bfaef-d38a-b7e4-ea60-f7d72502b84d.jpg,2/4/2020 7:37:41 AM,,21.2827094,92.0823549,Male (????? ),4,1009,user15_CATS1
Ukhiya,Jaliapalong,Ward 4,cxb-wash.info/Upload/media/f8fa2a53-5ddf-40a7-58c3-377bb113b1f9.jpg,2/4/2020 8:00:57 AM,,21.2770764,92.0541126,Female (????? ),,1006,user15_CATS1
Ukhiya,Jaliapalong,Ward 4,cxb-wash.info/Upload/media/0579a4d6-677a-9f50-0fea-32e10eb4a7c2.jpg,2/4/2020 8:15:47 AM,,21.2763204,92.0550315,Female (????? ),2,1006,user15_CATS1
Ukhiya,Jaliapalong,Ward 4,cxb-wash.info/Upload/media/428118f2-547d-4ad3-d1bc-0949a533d136.jpg,2/4/2020 8:56:03 AM,,21.2774562,92.0535,Male (????? ),4,1009,user15_CATS1
Ukhiya,Jaliapalong,Ward 4,cxb-wash.info/Upload/media/6d9fe4bb-272d-1017-f6cd-3ffbd9c36d93.jpg,2/4/2020 9:47:05 AM,,21.280067,92.0531937,Female (????? ),8,1011,user15_CATS1
Ukhiya,Jaliapalong,Ward 4,cxb-wash.info/Upload/media/bb704817-08b5-d6a5-c41c-586cb7308ca2.jpg,2/4/2020 9:22:35 AM,,21.2763204,92.0550315,Male (????? ),6,1010,user15_CATS1
Ukhiya,Jaliapalong,Ward 4,cxb-wash.info/Upload/media/d611e778-76af-700b-e5fc-3ba602e89969.jpg,2/4/2020 8:34:14 AM,,21.2770764,92.0541126,Female (????? ),4,1008,user15_CATS1
Ukhiya,Jaliapalong,Ward 4,cxb-wash.info/Upload/media/b633024c-1670-d23b-6481-36c5eeb7ce2d.jpg,2/4/2020 6:08:06 AM,,21.2759405,92.0556442,Male (????? ),,1002,user15_CATS1
Ukhiya,Jaliapalong,Ward 4,cxb-wash.info/Upload/media/713b954c-2673-2eb3-2375-672777d9b011.jpg,2/4/2020 6:47:56 AM,,21.2759405,92.0556442,Female (????? ),3,1003,user15_CATS1
Ukhiya,Jaliapalong,Ward 4,cxb-wash.info/Upload/media/f78eb848-1ac8-b8e2-911d-65bd0eeb6bb6.jpg,2/4/2020 7:13:35 AM,,21.2759405,92.0556442,Female (????? ),8,1004,user15_CATS1
Ukhiya,Jaliapalong,Ward 4,cxb-wash.info/Upload/media/1988ee8b-ea04-6ff1-23d1-01d5dcb73747.jpg,2/4/2020 7:37:32 AM,,21.2763204,92.0550315,Male (????? ),7,1004,user15_CATS1
Ukhiya,Jaliapalong,Ward 2,cxb-wash.info/Upload/media/4bb9b388-8f4a-54aa-e879-33541cbd5bb9.jpg,2/4/2020 7:34:52 AM,,21.2827654,92.0824013,Male (????? ),4,1004,user10_CATS1
Ukhiya,Jaliapalong,Ward 2,cxb-wash.info/Upload/media/a0f1e76a-5fb5-b4d6-2c34-2070d1f248f5.jpg,2/4/2020 7:59:44 AM,,21.2826937,92.0826673,Male (????? ),8,1005,user10_CATS1
Ukhiya,Jaliapalong,Ward 2,cxb-wash.info/Upload/media/af1ab53e-c1d5-2f4d-2144-913eaa3998f3.jpg,2/4/2020 5:40:45 AM,,21.2825504,92.0773975,Male (????? ),5,1001,user10_CATS1
Ukhiya,Jaliapalong,Ward 2,cxb-wash.info/Upload/media/02720b41-b224-7f55-897c-a70d96546efa.jpg,2/4/2020 8:16:29 AM,,21.2829981,92.0826395,Male (????? ),6,1006,user10_CATS1
Ukhiya,Jaliapalong,Ward 2,cxb-wash.info/Upload/media/08c80aae-dfb8-6b4e-4ecc-ac895d49cf0c.jpg,2/4/2020 6:45:51 AM,,21.2826116,92.0772472,Male (????? ),4,1002,user10_CATS1
Ukhiya,Jaliapalong,Ward 2,cxb-wash.info/Upload/media/f4b9c234-02da-6d62-53ba-eb2a07d8abf8.jpg,2/4/2020 7:20:31 AM,,21.2825881,92.0823779,Male (????? ),4,1003,user10_CATS1
Ukhiya,Jaliapalong,Ward 2,cxb-wash.info/Upload/media/9d7f383f-2873-af99-0065-0fcdf8a21af1.jpg,2/4/2020 7:41:15 AM,,21.2849543,92.0610617,Male (????? ),8,1003,user03_CATS1
Ukhiya,Jaliapalong,Ward 2,cxb-wash.info/Upload/media/edfc27f8-5337-3d9e-6ecf-5d1f43e3ec62.jpg,2/4/2020 8:01:56 AM,,21.2848259,92.0612733,Male (????? ),5,1004,user03_CATS1
Ukhiya,Jaliapalong,Ward 2,cxb-wash.info/Upload/media/16fd1f70-1cb4-1cc8-181a-1de33037c25d.jpg,2/4/2020 8:18:50 AM,,21.284712,92.0612524,Male (????? ),7,1005,user03_CATS1
Ukhiya,Jaliapalong,Ward 2,cxb-wash.info/Upload/media/f72ca415-b226-6c15-b9dd-4c3d604d3b6b.jpg,2/4/2020 8:55:07 AM,,21.2844041,92.0617525,Female (????? ),8,1006,user03_CATS1
Ukhiya,Jaliapalong,Ward 2,cxb-wash.info/Upload/media/15396fcb-dd04-7274-4672-2066dc1e1dc8.jpg,2/4/2020 9:14:42 AM,,21.2848027,92.0616507,Female (????? ),5,1007,user03_CATS1
Ukhiya,Jaliapalong,Ward 2,cxb-wash.info/Upload/media/186dcd39-6280-5d62-7f81-cf0cab9e4763.jpg,2/4/2020 5:44:34 AM,,21.2827427,92.0774802,Female (????? ),6,1001,user03_CATS1
Ukhiya,Jaliapalong,Ward 2,cxb-wash.info/Upload/media/44ae2de8-2709-c5dd-85bc-8d073f77018f.jpg,2/4/2020 6:45:42 AM,,21.2825937,92.0771468,Female (????? ),,1002,user03_CATS1
Ukhiya,Jaliapalong,Ward 2,cxb-wash.info/Upload/media/4f8ee466-029a-a7b1-f3b8-b80540f46a13.jpg,2/4/2020 8:00:28 AM,,21.2826738,92.0766985,Female (????? ),6,1003,user04_CATS1
Ukhiya,Jaliapalong,Ward 2,cxb-wash.info/Upload/media/d17f5edd-683c-9f0b-d952-ece36d8dad16.jpg,2/4/2020 9:04:11 AM,,21.2818587,92.0770679,Female (????? ),4,1005,user04_CATS1
Ukhiya,Jaliapalong,Ward 2,cxb-wash.info/Upload/media/03514c49-16ce-6565-aeb0-cda31e6ec001.jpg,2/4/2020 9:18:53 AM,,21.2818146,92.0769504,Female (????? ),5,1006,user04_CATS1
Ukhiya,Jaliapalong,Ward 2,cxb-wash.info/Upload/media/3403bb61-e103-e188-da42-9de5cd3b89aa.jpg,2/4/2020 9:40:41 AM,,21.2819072,92.0770881,Female (????? ),6,1007,user04_CATS1
Ukhiya,Jaliapalong,Ward 2,cxb-wash.info/Upload/media/60925cde-24b1-0020-de36-8621fcfb3a9e.jpg,2/4/2020 5:51:54 AM,,21.2828218,92.0776202,Female (????? ),5,1001,user04_CATS1
Ukhiya,Jaliapalong,Ward 2,cxb-wash.info/Upload/media/39ce5b01-daef-d6f4-aa35-302697b37a55.jpg,2/4/2020 6:52:05 AM,,21.2825063,92.0769851,Female (????? ),4,1002,user04_CATS1
Ukhiya,Jaliapalong,Ward 2,cxb-wash.info/Upload/media/6891810c-f675-c4ea-5a3a-9ffb5e0e3adc.jpg,2/4/2020 8:24:53 AM,,21.282668,92.076732,Female (????? ),6,1004,user04_CATS1
Ukhiya,Jaliapalong,Ward 4,cxb-wash.info/Upload/media/b06428a5-8d9a-2fc6-5cc4-fd8025d27706.jpg,2/4/2020 9:02:14 AM,,21.2581619,92.0554703,Female (????? ),4,1006,user01_CATS1
Ukhiya,Jaliapalong,Ward 4,cxb-wash.info/Upload/media/6b49b19c-8cff-fa01-16f0-997f88ffac53.jpg,2/4/2020 8:39:50 AM,,21.2577183,92.0545533,Female (????? ),5,1005,user01_CATS1
Ukhiya,Jaliapalong,Ward 4,cxb-wash.info/Upload/media/011b7523-04f9-9051-9eac-c72700aad5fe.jpg,2/4/2020 8:13:02 AM,,21.2582933,92.0553783,Female (????? ),5,1004,user01_CATS1
Ukhiya,Jaliapalong,Ward 4,cxb-wash.info/Upload/media/3fdf9aad-2146-a9bf-a53f-75b555e236b8.jpg,2/4/2020 6:32:05 AM,,21.2581133,92.0553767,Male (????? ),8,1001,user01_CATS1
Ukhiya,Jaliapalong,Ward 4,cxb-wash.info/Upload/media/5c739bcc-6755-d494-6ab8-d85bdc5fc761.jpg,2/4/2020 7:08:45 AM,,21.2581833,92.055395,Female (????? ),6,1002,user01_CATS1
Ukhiya,Jaliapalong,Ward 4,cxb-wash.info/Upload/media/a89f21bf-5712-46f0-1ed2-a644ba1b1523.jpg,2/4/2020 7:37:31 AM,,21.2582633,92.055455,Female (????? ),,1003,user01_CATS1
Ukhiya,Jaliapalong,Ward 1,,2/4/2020 6:47:38 AM,,21.2681888,92.0804626,Female (????? ),4,1002,user39_CATS1
Ukhiya,Jaliapalong,Ward 1,,2/4/2020 7:13:09 AM,,21.2681888,92.0804626,Female (????? ),5,1003,user39_CATS1
Ukhiya,Jaliapalong,Ward 1,cxb-wash.info/Upload/media/73d1f3c3-4f16-940e-59e1-c9e862945937.jpg,2/4/2020 6:21:38 AM,,21.2667179,92.0789302,Female (????? ),8,1001,user39_CATS1
Ukhiya,Jaliapalong,Ward 1,,2/4/2020 7:39:46 AM,,21.2667179,92.0789302,Female (????? ),4,1004,user39_CATS1
Ukhiya,Jaliapalong,Ward 1,cxb-wash.info/Upload/media/ada8dc7a-a786-bfa3-6f19-20c8323c7efb.jpg,2/4/2020 8:55:43 AM,,21.2667179,92.0789302,Female (????? ),8,1008,user39_CATS1
Ukhiya,Jaliapalong,Ward 1,cxb-wash.info/Upload/media/cea9f178-ab4e-1ade-e7cf-095505aac101.jpg,2/4/2020 8:41:32 AM,,21.2667179,92.0789302,Female (????? ),1,1007,user39_CATS1
Ukhiya,Jaliapalong,Ward 1,cxb-wash.info/Upload/media/fbb19b94-0b51-58fe-8804-97ea312b16fb.jpg,2/4/2020 8:23:24 AM,,21.2667179,92.0789302,Female (????? ),5,1006,user39_CATS1
Ukhiya,Jaliapalong,Ward 1,,2/4/2020 8:02:54 AM,,21.2667179,92.0789302,Female (????? ),6,1005,user39_CATS1
Ukhiya,Jaliapalong,Ward 1,cxb-wash.info/Upload/media/843d03d4-9ac5-fd05-eb2e-f0186d60b4b0.jpg,2/4/2020 6:43:49 AM,,21.2710217,92.0891817,Female (????? ),6,1004,user13_CATS1
Ukhiya,Jaliapalong,Ward 1,cxb-wash.info/Upload/media/91065e16-10ba-a300-ce5f-ceb2ceada39c.jpg,2/4/2020 6:01:43 AM,,21.2726667,92.0888217,Male (????? ),5,1002,user13_CATS1
Ukhiya,Jaliapalong,Ward 1,cxb-wash.info/Upload/media/09da9929-7f62-742c-e32c-c7be22ea93df.jpg,2/4/2020 5:38:11 AM,,21.2731633,92.08909,Female (????? ),7,1001,user13_CATS1
Ukhiya,Jaliapalong,Ward 1,cxb-wash.info/Upload/media/dfeb1796-2893-e8df-cd67-5f3b8c4c2842.jpg,2/4/2020 7:25:33 AM,,21.27035,92.0881467,Female (????? ),4,1006,user13_CATS1
Ukhiya,Jaliapalong,Ward 1,cxb-wash.info/Upload/media/9361c0ef-f765-5e5d-76e2-c17b32992e34.jpg,2/4/2020 7:04:01 AM,,21.2709033,92.0887933,Female (????? ),4,1005,user13_CATS1
Ukhiya,Jaliapalong,Ward 1,cxb-wash.info/Upload/media/38bd414e-3fd8-8fe0-3920-216f62a5db36.jpg,2/4/2020 6:20:48 AM,,21.271695,92.0893717,Female (????? ),3,1003,user13_CATS1
